symbol,name,price,change,pct_change,volume
AAPL,Apple,175.25,2.15,1.24,45678900
MSFT,Microsoft,415.32,3.42,0.83,23456700
GOOGL,Alphabet,145.67,1.25,0.86,12345600
AMZN,Amazon,178.89,-0.45,-0.25,34567800
TSLA,Tesla,245.12,12.34,5.3,98765400
NVDA,NVIDIA,895.45,25.67,2.95,5678900
META,Meta,485.32,8.91,1.87,2345600
NFLX,Netflix,615.78,4.56,0.75,1234500
AMD,AMD,165.43,1.23,0.75,4567800
INTC,Intel,42.15,-0.32,-0.75,3456700
